Unnamed: 0,Type,Name,Age,Gender,MaturitySize,FurLength,Vaccinated,Dewormed,Sterilized,Health,Quantity,Fee,State,RescuerID,VideoAmt,Description,PetID,PhotoAmt,AdoptionSpeed,ColorName_x,ColorName_y,ColorName,BreedName_x,BreedName_y,StateName_x
1078,1,Lilo,2,2.0,2.0,1,2,1,2,1,1,0,41401,c00756f2bdd8fa88fc9f07a8309f7d5d,0,"playful, active and healthy",2e4eb9198,7.0,2,Black,Brown,White,Dalmatian,Mixed Breed,Kuala Lumpur
1038,2,Dazzle,4,2.0,2.0,2,2,1,1,1,1,50,41401,9a50c5d66f407a71f04cb6e0ef08c929,0,Very lovely and friendly kitty waiting for a lovely and friendly home!!,82a108c64,10.0,3,Black,Brown,White,Siamese,Domestic Medium Hair,Kuala Lumpur
1116,2,No Name Yet,2,2.0,2.0,1,2,2,2,1,1,0,41401,2878ca852f116ad07d0c8b75da381c4c,0,"a tiny kitten. her size is just so small! she is all left alone...after the eldest being adopted, the 2nd met in an accident and died. the mother is a bit depressed over the 2 kittens and did not really care much about her. She is quite independence, start to eat dry food and hide when many people around. there are feeders feeding her twice daily and now she is sleeping under some food stalls in one of the market. Urgent adopter needed!",54b2051c1,4.0,2,Black,Golden,Gray,Domestic Short Hair,Tabby,Kuala Lumpur
165,2,Baby,5,2.0,2.0,2,2,1,2,1,1,0,41326,253ffb8e460b67e342023a5563fb2e3c,0,"Active, playful and healthy",5d55a0cb3,3.0,1,Brown,Gray,White,Burmese,Siamese,Selangor
110,2,2 Playful Kittens,2,3.0,2.0,1,2,2,2,1,2,0,41326,98f959d5340d86f71ff3afd753ab4215,0,"Mother cat gave birth in my garden and I have been taking care of them since then. Both kittens are absolutely affectionate (manja). They will rush about in the morning meowing to greet you and send you all the way to your car! The male has a cute bobtail and will follow you everywhere just to be stroked and cuddled. The female has a longer tail and likes to be scratched. Both love to cuddle at your feet. They are both well-trained with cat litter. They are healthy, playful and intelligent (will look at your face and eyes and not just your hands :) They are about the size of a woman's hand and should grow up to be quite good looking for they have a lovely and elegant mum who looks like an Abyssinian mix with lovely green almond eyes. Anyone who can give them a loving home please contact me asap.",9e172ab13,4.0,1,Black,Golden,White,,,Selangor
998,2,Melor,5,2.0,1.0,1,2,2,2,1,1,0,41401,363c725ea5fa97d8e5a353bef63f7d68,0,"Hi, Melor perlukan mummy / daddy baru. Melor ni pemalu sikit, tapi bila dah dibelai kemain manja lagi. Dia tak bising pun, tapi suka lari2 & lepak dekat port best je. Perhatian : Self pick only. Waktu adoption selepas pukul 10 malam & sila bawa carrier sendiri.",20819afd9,3.0,3,Black,Yellow,White,Domestic Short Hair,Domestic Short Hair,Kuala Lumpur
520,2,Kittens (2 Months Old),2,3.0,2.0,1,2,2,2,1,5,0,41326,39006661857dd0ffccf95206e1d52981,0,"Hi guys, I have five (5) newly born kittens who are two (2) months old now and they're ready for adoption. 3 boys and 2 girls. They're healthy and very playful. No fees will be charged. Any one wants to adopt these cute guys please contact me. It doesn't matter if you want to adopt just one (1) kitten or two (2) or all five (5). Feel free to call me or whatsapp at (Hema). Can view the kittens no problem. I live in Shah Alam closer to Klang. Thanks!",d41f2a466,8.0,0,Black,Brown,White,American Shorthair,Bengal,Selangor
1027,2,Cute Fluffy Kitten,1,,1.0,2,2,1,2,1,1,0,41401,5ac530c66292db2bf05c62817768da22,0,"The kitten is tri-coloured and semi-Persian. She's about 3 weeks old which is why we haven't spayed her. If you want her spayed, you can adopt her and when she's old enough we'll bring her to the vet to be spayed. My friend found her in the garbage and took her to the vet. I fostered her and now she is currently being fostered by my cousin. She's very small and playful. her bites aren't painful (to me). Scratches just feel like feathers falling on you. She's currently being fed soft food and milk. She has already been taken to the vet and taken her medicine but we will take her to the vet on the 12th of June again to be absolutely sure she is worm-free. I don't know for how long my cousin can keep her :/ hoping to find a loving owner for her as soon as possible. If interested, you can contact me or Nicole (rescuer) at :) P.S. she is extremely cute.",143027239,2.0,1,Black,Brown,,,,Kuala Lumpur
492,2,Yeochi & Nabi,12,2.0,2.0,2,2,1,1,1,2,0,41326,17970c3bd5e77f1433149c0de0ec3d9f,0,"Yeochi: 12months(female / mix brown, white) Nabi : 1year and 2months(female / black) They are very cute, active and playful.. I love them so much..therefore i'm so sad about i should give them away.. reason why i give them away, i plan to move out to the other place.but there's the owner said he will accept only 1 cat.. (i tried to explain and persuaded him.. but he never want it.. even i dont understand what's the different with 1 or 2 cats!) however yeochi and navi are very close and dependence each others. so i thought better give away both together. they love to sleep on next to you or behind laptop when you are useing that. also they love to show their affection. they are very kind and charming cats! i swear both of them are very adorable and friendly :) i feed them loyal canin kitten to yeochi and loyal canin indoor to nabi. *i'm looking for serious cat lover and i hope it will their last adoption.* (plz help me to find their forever home!!!!) if you want to see more photos, leave the email address here. Tq :) if any serious cat lover, interest them, call or sms me anytime. - Belle- (plz sms me after 12am) *update* i realise its quite hard to give away both together. so i decision , if you interest only nabi or yeochi, i prepare to separate them... so plz contact me. tq",eaef39ceb,14.0,4,Black,Brown,White,Domestic Medium Hair,Domestic Short Hair,Selangor
1063,1,3 Shih Tzu Mixed Puppy,1,3.0,2.0,2,2,2,2,1,3,0,41401,34d6548d91bc086ba0a1276a34db7aff,0,3 Shih Tzu mixed puppy looking for daddy and mummy to love and caring them and they give all their love in return. Pls bring us home. Black and dark brown is female. Brown color is male. White with brown dot is male.,88f3a5fd6,0.0,4,Black,Brown,White,Mixed Breed,Mixed Breed,Kuala Lumpur
48,2,Long Hair Calico Girl,2,2.0,2.0,3,2,1,2,1,1,100,41326,438a9bdce8ef4d5948fc40e422d34d0d,0,"Adorable local mix Persian kitten looking for new home. She is Long Hair Calico Girl, a black, cream and brown kitten, about 2 months old now. She has fluffy hair with a straight, fluffy tail too. She has beautiful orange eyes. She has de-flea and was de-wormed on 24th December . She is a bit skinny due to lack of nutrition when we rescued her. She is feeding on kibbles plus wet food (canned fish) now. She is healthy, very active and playful. She is toilet (potty) trained & could be let go at anytime. *RM adoption fee would be paid to Cat Charity Club (CCC) for rescuing stray cats. *Another RM neutering / spaying deposit would be fully refundable once the surgery done. Anyone interested, please call .",fa94b21d1,5.0,1,Black,Brown,Cream,Persian,Domestic Long Hair,Selangor
979,2,Damas,1,2.0,2.0,2,2,2,2,1,1,0,41401,a32188df3a904590022aaa63a02b90a3,0,"It is Damas. It was just born last month.It is beautiful. Her mother always comes to my house asking for food. When the number of cats increases, cats are forced to fight for foods. Therefore, I would like to ask for society help before it is too late to help them. Thank you. ;)",56937e269,1.0,3,Yellow,Cream,White,Domestic Medium Hair,Domestic Medium Hair,Kuala Lumpur
419,2,Monkey,4,,,2,1,1,1,1,1,30,41326,6f40a7acfad5cc0bb3e44591ea446c05,0,"Very healthy, fat and playful kitten.",3ddfb6f66,5.0,2,Black,Yellow,,Domestic Medium Hair,Domestic Short Hair,Selangor
1168,2,Sena,12,,2.0,1,3,1,1,1,1,0,41327,a62d14c7f29c6104ca4fc074407bc831,0,"Hi, My name is Sena. I have been fostered and I am a loving, affectionate cat. But unfortunately, I do not like other cats. I need to be rehomed as my foster has two cats already. Ideally, I need to be by myself. Have you got a loving home for me with plenty of care and attention? Please email my foster, Louise for more details- I look forward to meeting you :0) Batu Ferringi area.",67b1168ba,2.0,4,Black,Golden,,British Shorthair,Scottish Fold,Pulau Pinang
613,1,"Keiko, Suki & Reiki",2,2.0,2.0,1,2,2,2,1,3,0,41326,aa66486163b6cbc25ea62a34b11c9b91,0,"The three sisters are chubby, cute and adorable. Keiko and Suki are almost identical, with their white coat and khaki brown patches. Reiki is white with black spots. Keiko is the sweet and quiet one, happy to just fall asleep on your lap. Suki is more active while Reiki is the adventurer who loves to explore her surroundings. Looking for good homes. Adult size is estimated medium to big size, (check out the picture of their mother) Adopters must be willing to vaccinate and spay them. We are also looking for a home for their mom, Sai E. She is a gentle dog, about 3 years old. Don't bite or chew, street smart and knows how to poop on grass. Please give her the love she deserves.",7c9dc0791,14.0,2,Black,Brown,White,Terrier,Mixed Breed,Selangor
149,2,"Flathead, Skunk, Panda, Sunburst",0,3.0,2.0,1,2,2,2,1,4,0,41326,ef46303d82fc72ba0c6793a74aafb604,0,"To all possible adopters, I greatly apologize to inform you that all four kittens are not available for adoption anymore. However, they are very very fortunate to have been adopted all 4 together, by a nearby friend. Thank you very much.",e2257ac60,0.0,3,Black,Golden,White,Domestic Short Hair,Manx,Selangor
1310,1,Didi,1,2.0,2.0,1,2,2,2,1,1,0,41325,3550120cf55a324cad448403189d511b,0,A dog suitable for children...,799c6852c,1.0,2,Black,Yellow,White,Labrador Retriever,Mixed Breed,Kedah
861,1,Shontel's Puppies,1,3.0,2.0,2,2,2,2,1,4,250,41401,f735ce1d88358894284e1e0bfa730434,0,"My dog just gave birth to 7puppies. 3 have been adopted. I would like 2 give away the puppies to responsible person who also love dogs. The characteristics of this breed are: they are kind, quiet, smart, easily trained and loyal and they like outdoor activities. Call/rsms now to adopt ! ( attached also mother pic)",de19fca23,3.0,2,Black,Brown,Cream,Terrier,Sheep Dog,Kuala Lumpur
1033,2,Si Kental & Si Manja *Urgent*,1,3.0,1.0,1,2,2,2,1,2,0,41401,2f29e4131291f6505d0cf6949f3a8e33,0,"They can be either DSH or DMH. Not sure which one. Since they are still small. These 2 Kittens need home urgently! Mereka sangat comel. If you are interested to adopt one of them, please let me know. Do email me or call me. No sms will be entertained. *Still under treatment, they have some fleas(ligat main aci ligan *phew), little fungus and ear mite problem. Should recover(*pray) within 2-3 weeks.Kalau berminat nak adopt, kena tunggu 2-3 minggu sebab nak pulihkan mereka dulu. Pray for that people* p/s: Si ayu will be adopted by me. ;) update 8/: si kental is release for adoption again as the previous adopter tak jadi nak amik pulak..hhuhu..sadis sungguh..mari adopt kental jom! /: the only one left is Kental..anyone? kental ni kucing yg bijak taw..manja pulak..please consider in adopting black cat macam kental ni..;) /: Kental is no longer on adoption..he is staying in my house with Ayu..and finally, i've made up my mind..i want to keep kental as my pet..i just love him..thanks for anyone who is interested with him..i am sorry..",a89005005,11.0,2,Black,Brown,White,Domestic Short Hair,Domestic Medium Hair,Kuala Lumpur
115,2,Ha Neul's Litter,0,3.0,3.0,2,2,2,2,1,6,50,41326,23e54862081be8893f32f88cfb2f4bad,0,These kittens were born after the mother accidentally mate with other cats when she was brought back to kampung for Hari Raya. They [mixed with Domestic Long Hair(mother) + Domestic Short Hair (Father)] are for adoption after they managed to 'putus susu' with the mother. Rm50 adoption fee for each kitten for interested adopters. Reason to let go: my house is already full of cats. i cant afford too many cats. 3 cats have been reserved so there's only three left. reservation made by: En. Zaim: 2 kittens (black & white) En. Zul : White -------------------------------------------- the three kitten's left are: mixed black/golden/white,8d08f7b70,4.0,2,Black,Golden,White,Domestic Long Hair,Domestic Short Hair,Selangor
411,2,3 Kittens 6 Weeks Old,2,3.0,2.0,1,2,2,2,1,3,0,41326,efa9a4be1e2e903503540f01db1766f3,0,"3 kittens 6 weeks old for adoption in Taman Perling Johor Bahru. A tuxedo, a black and a tortie. They are in good health Interested adopters can whatapp me to arrange collection.",71eb4e3d5,3.0,4,Black,Yellow,White,Domestic Short Hair,Domestic Short Hair,Selangor
452,1,Brave Girl,1,2.0,2.0,1,2,2,2,1,1,0,41326,8bac0384da6a4552cb8ab47c1d530fa7,0,"She is white with a mixture of black spots and light brown. She may be under nourish but she is recovering now and able to eat properly, very shy at first but easy to warm up to any starnger",9c17624f8,1.0,4,Black,Yellow,White,Mixed Breed,Mixed Breed,Selangor
416,2,Tinkle,11,2.0,2.0,1,1,1,1,1,1,0,41326,13733222f015ec6a0017c3c0527738ff,0,"æœ‰äººè¦é¢†å…»çŒ«å’ªå—ï¼Ÿ å¤§æ¦‚6,7ä¸ªæœˆï¼Œæ¯çŒ«ï¼Œå·²ç»“æ‰Žï¼Œæ‰“äº†ç¬¬ä¸€æ”¯é¢„é˜²é’ˆï¼Œä¸€æ˜ŸæœŸåŽè¦åŽŸæ”¾äº†ã€‚æ¯ä¸€æ¬¡è¦åŽŸæ”¾çŒ«å’ªå¿ƒæƒ…éƒ½ä¸ƒä¸Šå…«ä¸‹çš„ï¼Œå¾ˆä¸å¿å¿ƒï¼Œæ— å¥ˆï¼å”‰ï¼å¸Œæœ›æœ‰ç¼˜äººå¯ä»¥ç»™å­©å­ä¸€ä¸ªðŸ ã€‚ è’²ç§åŒº........",4f735cd71,5.0,4,Black,Yellow,White,,,Selangor
1292,1,Bebe,1,2.0,2.0,2,1,1,2,1,1,0,41330,b12f81f5c1ce63be87c9ad3053c02ed5,0,"Healthy. Friendly. Playful. Will not make much noise. Not spayed. However, I am willing to pay for it if she is adopted.",25c681109,5.0,2,Black,Brown,White,Mixed Breed,Mixed Breed,Perak
778,2,Shadow,4,,2.0,1,2,1,2,1,1,0,41326,b75f999a5da335c6f8159839f1f41839,0,"Free adoption... very active and manja gal, very good behavior Age: 5 to 6 months Gender: Female Color: Tortoiseshell Area: Damansara Perdana Food: Orijen & Acana and home made wet food Please Whatsapp TQ",5d8622f3c,1.0,3,Black,Brown,,Domestic Short Hair,Tortoiseshell,Selangor
721,1,Bunny,3,2.0,2.0,1,2,2,2,1,1,0,41326,74a7da3c110f1c9f14293cac5fe20289,0,Looking for kindhearted person to take in a sweet angelic puppy. She is very cuddly and manja. she is now staying with me around Kota damansara area. please contact me at zoey. if you are interested.,f9a3f579a,4.0,4,Black,Brown,Yellow,Mixed Breed,Dachshund,Selangor
3,2,Money,1,2.0,1.0,1,3,3,3,1,1,0,41326,5201c3e05aa6ff174b006c070e9a06b5,0,Please adopt this cute little kitten... I eanted to keep her.. But i cant becase i have a dog in my house,19982272a,4.0,4,Brown,Golden,Cream,Domestic Short Hair,Domestic Medium Hair,Selangor
1090,2,Tabatha,4,2.0,2.0,1,2,1,2,1,1,0,41401,13b3c0d8590208d6e60e7118bc3b98d1,0,"Tabatha was rescued along with 7 other kittens after someone rounded them up and threw them away in a box by the roadside. They were rescued by a jogger and other passersby and are now in the care of a few fosterers. Tabatha was seriously ill but has fully recovered. She's a survivor. She has a beautiful calico coat, long elegant tail, and big, green eyes. Tabatha is an inquisitive and intelligent kitten. Her curious nature makes her a mischievous tyke. She likes to follow people around and get involved with whatever they are doing. She loves playing with other cats and even cautiously hangs out with dogs. She is always running around, playing with toys and entertaining herself. She is quite vocal and very affectionate. Tabatha loves company and she would be terrific in a home with other cats or kittens and people who have time to spend with her. Adoption Procedure: - We'll have a chat and see if you and Tabatha are suitable for each other. - Successful adopter will then have to meet us at my vet in order to get the little tyke vaccinated. Then your new family member is yours to take home and love forever. - Cost of vaccinations and neutering to be borne by adopter. I am an independent rescuer/fosterer. My funds are extremely limited. - I do appreciate photos after a successful adoption! Vaccinations and neutering/spaying at 6 months of age are compulsory for adoption. There are already too many stray homeless animals starving and suffering in the streets.. Please don't breed. When you want more pets, you can always ADOPT from a shelter. No cage confinement please, except in incidences of illness or injury. Tabatha is very sociable, playful, fun-loving, and energetic. Confining her in a small space would make her very unhappy. Interested parties may text or email me. A brief introduction of yourself and your experience with cats is greatly appreciated.",63d254530,22.0,3,Black,Brown,White,Domestic Short Hair,Calico,Kuala Lumpur
912,2,Charming Expresso And Kitties,15,3.0,2.0,1,1,1,2,1,3,0,41401,f28060525887e6f9e1f6489e08b61f49,0,"Expresso is charming and friendly cat. She gave birth to 2 cute kittens while she was in my care. Looking for their forever home and loving family. Kittens are 2 weeks old with pretty marks. They cant be separated. Must adopt the whole family of 3. Expresso is very independant and caring mom, made it very easy to take care of them. Genuine adopter, I can deliver / meet somewhere in KL / Klang Valley",4012be917,2.0,2,Black,Gray,White,,,Kuala Lumpur
716,2,Pinky Nose,3,2.0,2.0,3,2,2,2,1,1,0,41326,8480853f516546f6cf33aa88cd76c379,0,Pinky is a 3+ month old ball of cuteness. She is energetic and playful. I rescued a couple of cats a few months ago but could not get them neutered in time as the clinic was fully scheduled. The result was this little kitty. I do not have enough space and funds to care for more cats in my household. Looking for responsible people to take over Pinky's care.,a113449ce,1.0,2,Black,Brown,Yellow,Maine Coon,Tortoiseshell,Selangor
639,1,Amber C,12,2.0,2.0,1,1,1,1,1,1,0,41326,aa66486163b6cbc25ea62a34b11c9b91,0,"Amber is a gorgeous tricolor border collie cross with a personality to match. She is happy-go-lucky, very well behaved and an excellent watchdog. Enjoys her daily walks and will add sunshine to your house. She knows basic commands such as come, sit and go inside to her cage. No tying up or caging unless necessary for short periods. for long hours. Her owner has to move to a condo and can't take her along. Please give her a good home",751412a89,8.0,4,Black,Brown,White,Border Collie,Mixed Breed,Selangor
141,1,Little Yelpers,2,3.0,2.0,3,1,1,2,1,7,0,41326,e62135526c27156b8479420aad166317,0,"~ PLEASE CLICK ON OUR PHOTOS FOR A CLEARER VIEW ~ ___________________________________________________ â™¦ Introducing the Little Yelpers! â™¦ Born on 24th September, : Now 8 weeks old, already fully on solid food (kibbles). Started potty training. They're free from fleas and other parasites (already given Frontline spray) and have received their first de-worming. Puppies' gender: MALES: Rusky, Rocky, Dasher, Whiskey, Barkly. FEMALES: Raven, Jasmine, Candy. ________________________________________________ >>> PLEASE READ >>> â€¢ Puppies, once adopted, must NOT be caged. Leashing should only be for temporary needs. â€¢ An adoption fee for their neutering (COMPULSORY) + vaccinations (first shots done) will apply, please inquire. Please feel free to call, or drop me an email, if you feel that you may be just the right person to take one of these darlings home! Thank you! :)",b0dec8779,21.0,3,Black,Golden,White,Spitz,Mixed Breed,Selangor
1075,1,2 Lucky Puppies,1,2.0,2.0,1,1,1,2,1,1,0,41401,ee2747ce26468ec44c7194e7d1d9dad9,0,"These 2 puppies are indeed lucky. They and their 3 other now deceased siblings were notified to us by a NST reporter covering a story in a demolished housing area in Jinjang. This litter of pups & their mum were abandoned when their owner moved out. Not only were they hungry & thirsty; they were covered with red ants all over their tiny bodies.One pup was dead by the time our Photographer cum volunteer arrived. FeiLing quickly brought the remaining 4 straight to one of our supporting veterinary clinics.Inspite of their pain,their hunger took over.Even the weakest ate but it died within hours. The third died the next morning. These two are indeed the lucky ones. We hope you could complete their salvation by giving them a home.They have strengthened and eat like tiny foals;forever playful and are most happy when showered with love. Infact, from their looks & behaviour, I would describe them as Malaysian Jack Russell.",59d42b6bb,9.0,3,Black,Brown,White,Jack Russell Terrier,Mixed Breed,Kuala Lumpur
404,2,Ã¢Â™Â¥Sweet CrackersÃ¢Â™Â¥ URGENT ADOPTION!,2,2.0,,2,1,1,2,1,1,50,41326,89e38f1dc3b54154d9f976e67012ecc6,0,"Crackers is found at the street and lots of car are around that area.Sweet Cracker is only around 2 mths old. She will be a good pet for you if you are willing to love her and care for her. Please do not use her for breeding purpose. I strongly ask you to spayed it once it is old enough. Please be a responsible pet owner. If you have any question regarding the kitten, you may pm me. This kitten currently is being treated for it's eyes but is healthy. My friend is currently boarding her at the vet. Adoption condition: 1) Tell me your experience on handling cat. 2)Spay it when it reach 4-6 mths. 3) Love her unconditionally. 4) If cannot take care of it anymore due to some reason, please return it back. But no such reason eg: She is already old. Hard to care for it. 5)Give updates whenever you have time. Anyone who is interested please do PM or email me a msg.Thank you for viewing :)",5c716a537,2.0,1,Brown,Yellow,,Calico,Domestic Medium Hair,Selangor
800,2,,1,3.0,3.0,3,1,1,2,1,3,300,41326,6577d3957b88e3ce6300ade297dc3976,0,M looking for a loving parents for them. Adoption fee is negotiable.,79314275c,1.0,1,Black,Brown,Golden,Maine Coon,Persian,Selangor
1105,2,Smudge,2,2.0,1.0,1,2,2,2,1,1,0,41401,5fd8ffa53753daaac1a3adedfb199be9,0,"Very healthy, playful and sometime shy kitten. She a precious. One of 4 kittens that I am giving away for adoption. Check out her siblings (Maru, Ackie & Bwee) in my account. Please contact me at for adoption. Urgent adoption.",34221a4f8,4.0,1,Black,Brown,Yellow,Tortoiseshell,Tuxedo,Kuala Lumpur
314,1,,5,3.0,1.0,1,2,2,2,1,4,0,41326,c4a68a690110d668e7c6fff0d2084343,0,"Found 4-5 active, healthy pups available for adoption at SS2's morning market (near Nando's). Caretaker (not me) has too many puppies on hand and needs someone to take them in. She can be found at her market stall on weekdays from 7am to 12pm. Do PM me if you need more information on the location of the caretaker.",a6e25e889,5.0,4,Brown,Cream,White,Mixed Breed,Mixed Breed,Selangor
1028,2,Prosperity Kitty (PK),2,2.0,2.0,2,1,1,2,1,1,10,41401,e046c5fbbbca0cea42b391a56c1be33e,0,"Prosperity Kitty is my name, being super cute is my game! I was rescued when a kind human noticed my frightened little self attempting to cross the road. I am very healthy thankfully and looking for a loving home. This darling of a kitten is vaccinated and ready for your love! Please open your heart and home to experience friendship and companionship. Upon adoption, we will be happy to cover any spaying costs once kitty is old enough. Your kindness is most appreciated and we are sure, she will bring joy, happiness, luck and prosperity to anyone who opens their heart to her!!",e4eb08c79,3.0,4,Black,Brown,White,Domestic Medium Hair,Domestic Long Hair,Kuala Lumpur
1353,1,9 Puppies For Adoption!,1,3.0,2.0,2,2,2,2,1,9,100,41335,80ecb2b31b27d310c829d09e1570cef9,0,"I have two litters of puppies for adoption.. Their breed include american pit bull,rottwiler,finnish spitz and lapponian herder.. AMERICAN PIT BULL TERRIER CROSS ROTTWILER PUPPY FOR SALE! Mom pitbull/Dad rottwiler(Both extremely tame) Born /14 Still available for sale 4 males and 1 female. Shows extreme strength just days after born. Shows signs of high alertness(perfect watch dog) Started barking and howling at 9 days old! Started walking and open eyes at 10 days! Started playing and fighting at 15 days. Started solid food at 25 days. Numbering as in the pictures.. (SOLD)1)Color mohogany,male,american pit bull terrier body type and hair,medium sized head with bull dog characteristics. (SOLD)2)Color rottwiler,male,pit bull body type(large)and hair,big sized head with bull dog characteristics. (SOLD)3)Color rottwiler,male,pit bull body type(large)and slightly longer hair,big sized head with bull dog characteristics. (SOLD)4)Color white,male,american pit bull terrier body type and more fluffy hair,small sized head. (SOLD)5)Color white,female,american pit bull terrier body type and hair,small sized head. FINNISH SPITZ CROSS LAPPONIAN HERDER PUPPY FOR SALE! Mom finnish spitz/Dad lapponian herder. Born /14 Still available for sale 3 females and 1 male. Likes to be around people. Shows extreme intelligence. Shows signs of high alertness(perfect watch dog) Started barking and howling at 10 days old! Started walking and open eyes at 12 days! Started playing and fighting at 17 days. Started solid food at 25 days. (AVAILABLE)1)% lapponian herder,female. (SOLD)2)Color finnish spitz(lighter tone),female,very active and likes to glue to people! (SOLD)3)Color finnish spitz(fluffy hair),female. (BOOKED)4)Color finnish spitz,male. Transportation can be provided for outstation buyers but charges will apply. For more info or inquiries pls feel free to contact me..",45d2ddcb8,5.0,2,Black,Brown,White,Pit Bull Terrier,Finnish Spitz,Pahang
414,2,Baby Kittens,1,3.0,2.0,1,2,2,3,1,3,0,41326,ba2ed53835f071deb31da82a384654ce,0,"Kittens age approx 2 weeks. Found them nearby the post box of Block E, Arena Green Apartment, Bukit Jalil, Kuala Lumpur. Mother cat is not seen nearby.",3d889fe46,2.0,3,Black,Yellow,White,Domestic Short Hair,Domestic Short Hair,Selangor
911,2,Lil Miss Stevie And Her 2 Babies,1,2.0,2.0,1,3,3,2,1,3,0,41401,3e67677450cdcb34c08b345ccc6889ff,0,"Lil Miss Stevie is a young mum to 2 beautiful kitties who are only a month old. Both kittens are female, one is a spitting image of her mum with a black and white coat and the other is of white and grey (she has a perfect circle of grey on her back!). We found them hiding in a bush outside of our condo and are looking to find them a loving home. We would love to keep them ourselves as Stevie is so affectionate but unfortunately she is not too fond of our puppy. Please contact me if you would like to adopt this cute furry family of 3 girls.",7a7f8a828,3.0,1,Black,Gray,White,American Shorthair,Oriental Short Hair,Kuala Lumpur
1305,2,Fervi & Auri,2,1.0,1.0,2,2,2,2,1,2,0,41361,f8e92d3cbfdd0a78240837097dc6862c,0,-umur 2bln -poo pee dlm pasir -pndai mkn dryfood/wetfood -male SELF PICKUP ONLY,0bd394ec8,2.0,4,Yellow,Cream,,,Domestic Medium Hair,Terengganu
903,2,1 + 5 Kiddos,1,3.0,2.0,1,2,2,2,1,6,0,41401,7091be70f326f689ed54c73c12204c78,0,"There are 6 cats for adoption ( 5 kittens + 1 mother cat). They are all siblings and very attached to each other. They are well behaved, playful, easy to manage and super cute! Adopters for all the cats are urgently required. Please contact Hasina for further inquiries IMPORTANT: Preferably adopted with the mother or with other of its siblings.",ff065ec7b,11.0,3,Black,Gray,White,Siamese,Domestic Short Hair,Kuala Lumpur
670,1,Ellen,2,2.0,2.0,1,2,1,2,1,1,0,41326,a042471e0f43f2cf707104a1a138a7df,0,She has nice dark eyeliner & pretty coat. She is playful & loves attention. She is extremely alert & obedient. A wonderful companion to have. All she needs is a loving home. no tying up / caging please. Adopters must be willing to vaccinate & spay her. everydoghasitsday09.blogspot.com,4e9a13862,1.0,2,Black,Brown,White,,,Selangor
1123,2,"Kontot,Manis,Dara,Hensem",4,3.0,1.0,1,1,1,2,1,4,0,41401,756ea42ad3c5d37e0f449cfd69ede6c3,0,Saya jumpa anak kucing dan ibunya di kedai buku.Semuanya sihatTetapi ibu dan dan anak agak liar sedikit dan takut dgn bunyi yg kuat dan takut dgn orang kadang2..so kena takle softly..Tujuan saya ambil anak dia supaya dapat tempat tinggal yg lebih baik untuk sementara iaitu ditempat kerja saya...dan saya telah pun mandulkan ibunya demi kebaikan...sekarang anak2 kucing masih ditempat kerja saya...tetapi tidak sesuai untuk tinggal jangkamasa lama...so harap dapat adopter secepat yg mungkin,13e0627dc,4.0,4,Brown,Yellow,Gray,Domestic Short Hair,Domestic Short Hair,Kuala Lumpur
1049,1,~6 Snow Baby~,1,3.0,2.0,2,3,3,3,1,6,0,41401,b53861ec2c7cf77f8a8008dd9cb98ebf,0,"My friends dogs was gave birth about 1 month ago,the pup mother is a labrador retriver mixed!We are not sure which type of the dogs are the papa,so we find the dog breed that looks like them.There was 6 pups been gave birth at march 4...",e98e609ac,7.0,2,Black,Brown,White,,,Kuala Lumpur
651,1,Donny,2,1.0,2.0,1,2,2,2,1,1,0,41326,aa66486163b6cbc25ea62a34b11c9b91,0,"This pair of siblings are chubby and sweet. Marie is black and tan, while Donny is black and white with a panda face. They are happy pups. Donny is a feisty, playful pup. Very smart and charming but you must have TIME to train him. Not for busy folks. He loves to play with older dogs. Vaccination and neutering are COMPULSORY. No tying up or caging for long hours. Only for people who have time to nurture a pup.",75642f3e5,7.0,3,Black,Brown,White,Mixed Breed,Terrier,Selangor
232,2,"Maui With 3, 2-month-old Kittens",24,3.0,1.0,2,2,1,2,1,4,0,41326,69d6dc437a9d8ef5a2a6b3db01831b1f,0,"Mother and 3 very small kittens. Named Maui and Kona, Hilo, Hana.",d2330704c,3.0,3,Black,Gray,White,Oriental Tabby,Siamese,Selangor
250,1,Wynn,72,1.0,,3,1,1,1,1,1,200,41326,37c122a1f15a45ae8ea56b0872fd6419,0,"Wynn the Silky Tzu wandered into Ms. Lee's house on Christmas. He looked like he had not been groomed for months. Ms. Lee searched high and low for the owner but no one seemed to know about Wynn. Wynn is gentle, playful, and affectionate. He was passed to us to foster. He weighs 5.2kg (and now he weighs 5.8kg as of January 20). The vets said he's generally in good health. Tested for heartworm and results show negative. He's now on heartworm & tick prevention. We have just sent him for grooming and neutering. We charge an adoption fee of RM to cover for part of the vet fee + grooming charges. If you would like to adopt Wynn, please send us a message: describing the environment you are willing to provide him with and your experience with dogs. Please note that we strongly suggest 1-month trial where we will drop by to visit to see if Wynn is a good fit for your family. If it does not work out, Wynn must be returned to us. Please note that if you do not describe the environment you are willing to provide him with, we will not reply your email.",a8c19a325,9.0,2,Black,Gray,,Shih Tzu,Silky Terrier,Selangor
275,2,Monkies,2,3.0,3.0,2,2,1,3,1,5,30,41326,6f40a7acfad5cc0bb3e44591ea446c05,0,"Mix breed, good temperament kittens. Love humans. Very friendly.",d981b6395,5.0,3,Cream,Gray,White,Domestic Medium Hair,Domestic Short Hair,Selangor
484,2,,24,,2.0,1,3,3,3,2,5,0,41326,7a1a2074370b61db1756de90bece73bf,0,Mum and four kittens. Adopted from IntanShahar info.,0c0214da4,1.0,0,Black,Brown,,,,Selangor
1007,2,Stormtroopers Of The Caribbean,1,3.0,1.0,2,2,2,2,1,2,0,41401,c527f5c0d229394f90c927ea38189c94,0,Too many cats in a small room of apartment will cause sanitary issues. Hope there are kind hearted and reaponsible adopters will take good care of these kittens Preferable self collect on Wednesday and Friday 8.30 - 9pm.,0c4c55b39,2.0,3,Black,Yellow,White,Domestic Short Hair,Domestic Medium Hair,Kuala Lumpur
103,1,Sweety,2,1.0,2.0,2,1,1,2,1,1,0,41326,fa90fa5b1ee11c86938398b60abc32cb,0,Looking for a good home. No caging or tying for long hour except for precaution purposes. Commitment to neuter him is compulsory. Serious adopter pls call or sms me.,cbf3467d9,5.0,1,Brown,Golden,White,Terrier,Mixed Breed,Selangor
1175,2,Meoooooo,12,2.0,1.0,1,1,1,1,1,1,0,41327,9b4c4dcb46c46b943b0764f720d1f4b6,0,"Her name is Meo and she lives in Penang Island. She used to have a home but when she got pregnant, her heartless owner threw her outâ€¦.. So she was left outside to give birth and survive on her own. A fosterer looked after her and her kittens for a while but she lost two of her kittens! Now she is spayed and ready to go to a forever home. She is healthy, soft and so friendly. She comes to you and rubs her head against your feet insole to get your attention. Her eyes are so innocent and oh one more thingâ€¦..She loves fish so hide your fish or she may steal your meal :D If we do not find a home for Meo, she will be left outside to fight for her life! Since she was a home cat, it will be very difficult for a cat like her, with a soft personality, to survive in the wild with other cats and their territories. Please do not let her suffer anymore. Please give her a second chance after all the unpleasant experiences that she has had. If you can be her mama forever, please contact me at.",1dc007dfa,1.0,3,Yellow,Gray,White,Domestic Short Hair,Japanese Bobtail,Pulau Pinang
1073,1,Rotty Boy,2,1.0,2.0,1,1,1,3,1,1,0,41401,6d2a01e9d4c8c4ea0a832cd36c2d0cee,0,little pup,ed81d1da8,2.0,0,Black,Brown,White,Rottweiler,Mixed Breed,Kuala Lumpur
1112,1,Cute Puppies For Adoption,1,3.0,2.0,2,2,2,2,1,6,50,41401,430230aabdbdb7948efe8fb2fd94456b,0,Female dog gave birth to 8 little puppies. Looking for serious adopters who can take care of them. They are healthy and active.,0e61fe015,5.0,2,Black,Brown,Yellow,Mixed Breed,Rottweiler,Kuala Lumpur
1057,1,,1,3.0,2.0,2,2,2,2,1,3,0,41401,42d8ff353fbe3e1db8ae40b84974d576,0,"Please help those puppies,give them a home.Please call Uncle Kok if interested .Tel:",8e881542f,1.0,4,Black,Brown,White,Mixed Breed,Mixed Breed,Kuala Lumpur
311,1,TimTams: Playful Pets+ Great Guards,12,1.0,2.0,1,3,3,1,1,2,0,41326,07184fe71e0dc6ad58406e228719fd21,0,"Thank God for sending a lovely family that fits the descrption of our ideal fosterer, and would do what i listed below for the dogs! Timtams are now part of a loving family of parents +3kids+a maid and loving the wonderful corner house with grass in the compound! ----- TimTams (one is Tim, one is Tam)- to make it easier to call them! Potential adopters should be able to commit to: 1) walking the dogs 2x a day (or keep them in secured bungalow/semi-d/corner house with vast area to roam, as they love running and playing) 2) spend time playing with them (they're still quite young, and will whine for attention unless given regular affection-time with keeper) 3) give fresh water daily & proper food (they eat kibbles) 4) keep shoes in proper shoe cabinet cos one of them is still displaying puppy behaviour of chewing shoes or moving them around (unless he gets adequate exercise and attention) They appear to be brothers, and was roaming Ara Damansara area when found. Plus points about these dogs: 1) trainable: know how to sit/shakehand/come 2) loves children and will play with kids - excellent FAMILY PETs! 3) chase cats (but don't attack them) 4) will bark at strangers - good alert dogs! 5) friendly to keeper and friends 6) great with older folks because of gentle nature - makes excellent FAMIlY PETs! 7) get along with other dogs, even male dogs (possibly because not fully sexually mature and also very gentle + playful in nature), so can join family with existing dogs. NOTE: Will only entertain genuine adopters who'd take either one or both dogs as family pets. They get along well with other dogs. Tim once ran up to an Alsation in my neighbourhood and I thought he'd be minced meat, but they got along fine! Tam was badly injured (possibly by other dogs) when he was rescued, so he'd need responsible owners who'd make sure he's kept in a safe environment.",eda8eecc6,20.0,3,Brown,Cream,White,Mixed Breed,Mixed Breed,Selangor
352,2,Abby,9,2.0,,2,2,2,2,1,1,200,41326,4c6601f08f45991f7aece4ba86e54ed8,0,toilet trained..come when we call her name,311799b58,1.0,4,Black,Cream,,Siamese,Siamese,Selangor
734,2,Ray,3,2.0,2.0,1,2,2,2,1,1,50,41326,fbdc2f9e3a0a78f3069c126ce07b7dbc,0,"She is the sibling to Tiny and comes from a line of American Shorthair and Turkish Van. She is playful and fun and is potty trained. Her fur is tricolor but only the black and gray are dominant. There are hints of gold on his fur but not as much as the two color above. If interested, please whatsapp me on my number: If you want to check her out, you may come visit my house in Selangor but please give an early notice. :)",40d175d61,2.0,4,Black,Golden,Gray,American Shorthair,Turkish Van,Selangor
8,1,Honey,12,2.0,2.0,2,2,2,2,1,1,0,41326,ef52d7a48aa67cf013b1d54a7ac7d806,0,Original owner had a few puppies and was not able to take care all of them. They decided to let them run freely when it was too young. I took a few of them and took care untill they find a proper home. Honey is very friendly dog and she loves to play fetch. She gets along very well with children and other dogs. All she needs is attention. Very loving. Honey is the bigger dog you can see from the picture. The smaller one is not for adoption.,f5fc7d4a5,1.0,4,Brown,Golden,Cream,Terrier,Mixed Breed,Selangor
539,1,6 Puppies,2,3.0,3.0,1,2,2,2,1,6,0,41326,341c9c01d6b49bf2fcc287c0899e2417,1,A female dog recently gave birth right in front of our house. We did our best to shelter the family and fed them. Now the puppies are at an adoptable age and we hope somebody can give these bundle of joys a deserving home. Please call Mdm June Tan at for more info.,92c2878db,5.0,1,Black,Brown,White,Mixed Breed,Mixed Breed,Selangor
586,1,Puppies (Stray),1,3.0,2.0,2,2,2,3,1,7,0,41326,5c3518d168a9a12ea20d286172f3fd85,0,"7 little adorable puppies waiting to be adopted. 5 male, 2 female. now is just less than 2weeks old. Just open up eyes few days ago.",2aac3e0ac,8.0,1,Black,Brown,White,Mixed Breed,Mixed Breed,Selangor
207,2,Ã¢Â™Â£ ..Black Jack.. Ã¢Â™Â£,1,1.0,2.0,1,2,1,2,1,1,0,41326,e62135526c27156b8479420aad166317,1,"Introducing little Black Jack! ----------------------------------------------------- â™¥ Male kitten, 6 weeks old, round-faced boy with a handsome marbled-coat. â™¥ Curious character, not hyper nor too adventurous. Likes his own spots (for eating, sleeping, etc). â™¥ Extremely ""manja"" and VERY vocal, will purr away during cuddle-time. He will ""talk"" and tell you without fail just how much he adores you! :) â™¥ Clever with the litter-box. Dewormed (once) and given flea prevention. Currently too young to be vaccinated. ----------------------------------------------------- ***PLEASE READ*** (NOTE FOR ADOPTERS): â™¥ Black Jack must be kept INDOORS at all times (if apartments, must be cat-proofed). â™¥ Adopters must agree to NEUTER him at the right age (please inquire regarding fee). â™¥ Premium food feeding only (no Whiskas, Friskies etc). ----------------------------------------------------- Please drop me an email or call if you feel that you may be just the right person to take this boy home. Thank you! :)",b1cb5d0ec,6.0,2,Black,Gray,White,Bengal,Tabby,Selangor
289,2,"FREE KITTENS. (URGENT, PLEASE READ)",1,3.0,,1,2,1,2,1,3,0,41326,f123745af12d52a752542bd325badda1,0,"My grandparents recently adopted a year old female cat. What's they didn't know was that the cat is pregnant with at least 3-6 cats. My grandparents do not have the time to look after these kittens, which are going to be born in a matter of weeks. So our vet suggested them to be aborted than be released into the streets. So instead of killing them, we are looking for good homes for the future kittens. If anyone is interested, please do contact me AS SOON AS POSSIBLE. We only have until this Sunday (1/ ) to make a decision for the cat. The mother is a very good natured and loving cat, which I'm sure the kittens will take after. When the kittens are born, you can come over and take your pick. Or even before they are born, you can come and have a look at the mother yourself. 1st number: (Leslie) 2nd number: (Joseph)",c18a1acc6,3.0,4,Brown,Cream,,Domestic Short Hair,Domestic Short Hair,Selangor
466,2,Grazie,29,2.0,,3,2,1,1,1,1,160,41326,89e38f1dc3b54154d9f976e67012ecc6,2,"RM for adoption fees.Adoption fees will be used to help other animals. ( Treatment Rm 90 + Neutering fees Rm 70)Email me and do expect a throughout interview. It's not a first come and go basis. Grazie is allowed to be visited to see whether she is suit to your home. Name: Grazie ( In Italy language, it means appreciation or Thank you ) Nickname: Gracious Estimated Age: 2 yrs 5 mths Personality : Sweet, Curious , gentle with humans and loves human company. Not good with dogs and if with kittens, must be given some time for it to know each other, scared of sprays so if she is bathing, must bath indoors. Okay to be carried for some time but must put down. Walk in leash from time to time. Meows for attention. Very friendly. Body markings : A scar on the nose due to fighting injuries. History: Was abandoned and not claim by anybody after posting a few posters. Was pass on to me for fostering and treatment plus adoption. Deworm: Yes Vaccine : No Spayed : Soon ( 7 August ) Eye color : Green Body : Orange and white Health : Healthy Cleanliness: Sprayed with frontline, bathed with flea shampoo. Diet: Prefer dry food and is picky with wet food. Adoption condition: 1) Tell me your experience on handling cat. 2) Love her unconditionally .3) If cannot take care of it anymore due to some reason, please return it back. But no such reason eg: She is already old. Hard to care for it. 4)Give updates whenever you have time.Anyone who is interested please do PM or email me a msg.Thank you for viewing Grazie~ FOR SERIOUS ANIMAL LOVER. THANKS! After adopting Grazie, is up to you whether you want the starter pack.",621b83ac7,19.0,3,Golden,Yellow,,Persian,Domestic Long Hair,Selangor
757,2,Gandalf The Gray,3,3.0,1.0,2,2,2,2,1,4,0,41326,3c0800de21bf2b2350a7afc9da16d1b2,0,Cute and fun kitten. Location Bandar Baru Ampang,351eefe3e,5.0,3,Black,Yellow,Gray,Domestic Long Hair,Siamese,Selangor
732,2,Mom TULTUL&CO,14,3.0,1.0,1,3,1,1,1,5,100,41326,0331ed6980f6964815aae39efa57253e,0,Kittens and cat for sell Mix persian kittens and one Siamese mix breed female cat Very very playful Friendly Potty trained If interested plz whatsapp Tultul - Mom John Snow - Golden Jagoo - Dark Knigh Chipmunk Face Lala,fdffad0c0,4.0,4,Black,Golden,Gray,Siamese,Persian,Selangor
438,2,Alicia,2,2.0,2.0,2,2,2,2,1,1,50,41326,95eab75701bfbddafb9e1e01e1ee9214,0,"Name : Alicia Gender : Female Breed : Father (Persian) + mother (Domestic Medium Hair) Age : 2 month old Condition : Healthy and highly active, very fluffy Colour : Calico (White, Orange & Black) Diet : Blackwood Kitten + wet Food + brewer yeast pellet Litter Train adoption fee : RM SMS Affi : Pick up point Mentari Court Apartment Sunway",37c989ac5,4.0,1,Black,Yellow,White,Persian,Domestic Medium Hair,Selangor
512,2,Sasa,14,1.0,3.0,2,1,1,1,1,1,10,41326,4debb13ee62dc94efb0198fc74dfa6c5,0,"healthy, active cat..a future adopter should have enough space for him to play around..prefer cageless owner..whatapp me..will send more picture",4e58931ea,1.0,4,Black,Brown,White,Domestic Medium Hair,Oriental Short Hair,Selangor
363,2,Ã¢Â™Â¥ ..Khaleesi.. Ã¢Â™Â¥,1,2.0,,1,2,1,2,1,1,30,41326,e62135526c27156b8479420aad166317,0,"Introducing foxy little Khaleesi! â™¥ Female kitten, 5 weeks old. White coated with black spots and pretty green eyes. â™¥ A little diva! She acts classy 24/7 (constantly grooming herself and observing her surroundings). She's soft-mannered even during her most playful moods. A very mature girl! â™¥ Vocal and will call out to you when she sees you. :) Khaleesi loves both people and will willingly approach any other friendly cat. She's an outgoing character. â™¥ Healthy, has been de-wormed (once), is still too young to be vaccinated. Already clever with the litter-box and able to eat kibbles independently. ***[IMPORTANT] Note for potential adopters*** â—‹ Khaleesi must be kept % indoors for her own safety. Apartments need to be cat-safe. â—‹ Khaleesi must be spayed when she's older. She was rescued from the streets and there are far too many kittens like her out there who need homes. - Premium food feeding only (no Whiskas, Friskies etc). Please inquire, this is for her long term welfare. Please drop me an email or call if you feel that you may be just the right person for this girl. Thank you!",b11103508,5.0,1,Black,Cream,,Domestic Short Hair,Turkish Van,Selangor
931,2,Cleo,4,2.0,1.0,1,2,2,2,1,1,0,41401,bce0610cc3cb6a63cf1eda3f1e4124ff,0,Loves to cuddle. Very cute looking. Loves humans attention,2f7fd8400,2.0,4,Golden,Gray,White,Oriental Short Hair,Oriental Short Hair,Kuala Lumpur
795,2,Skylax (Fully Vaccinated),13,2.0,2.0,1,1,1,2,1,1,50,41326,28524862fb4125cdeb126f24ca89e75d,0,"Cheerful, witty, cute and adorable cat. Very tame and active. Likes to cuddle and enjoy belly rubs. Fully litter trained and full vaccinated.",2d2f6b042,3.0,4,Black,Brown,Golden,Tortoiseshell,Domestic Short Hair,Selangor
872,2,No Name,1,3.0,1.0,1,2,2,2,1,4,0,41401,d06cf306665ecb07fdecef29c738eb11,0,Kitten was found by my neighbor & all of them was abandoned by their moms. Being inform that the mother has been missing for a week now and they gonna get rid of the kittens. Kitten conditions are healthy and they are quite playful. Preferably kittens be adopted all four of them or at least in pairs. They are close to each other and inseparable. FREE kitten kibbles given to successful adopter (for serious adopter only.,5b11611ff,5.0,1,Black,Golden,White,Domestic Short Hair,Domestic Medium Hair,Kuala Lumpur
1228,2,,1,,1.0,1,2,2,2,1,3,0,41336,cda9cadac8f524c705970b4ceccf2e5a,0,"Rescued these 3 kittens from the market nearby, please help to adopt them! 1 of them is a Siamese mix.",296bafb6e,4.0,3,Black,Gray,,Domestic Short Hair,Siamese,Johor
236,2,Bella,10,2.0,3.0,3,2,2,2,1,1,0,41326,22930486581a9a197b4ed35f52f56d6d,0,"Hello There, Bella have been adopted by a lovely Girl from Damansara. Thank you for those who are interested with her. Im sure theres lots of cats outthere waiting for you to adopt . Thank you :)",13eafff41,3.0,1,Black,Gray,White,Domestic Long Hair,Persian,Selangor
839,1,6 Precious Puppies,1,3.0,2.0,1,2,2,2,1,6,0,41401,cd431467a017d5bce5f42daa746d7d08,0,"6 precious little puppies up for adoption. 4 males, 2 females estimated to be about 5-6 weeks old. The mother was rescued as a pregnant stray dog and was in late pregnancy so couldn't be spayed yet. She gave birth to the prettiest puppies and is now nursing them at boarding. We will spay her after we have weaned off and rehomed all her puppies. Knowledgeable, experienced and responsible dog owners only. Please contact Jean at if you can give these puppies a loving, caring, forever home :)",dd5797b7f,1.0,1,Golden,Yellow,Cream,Mixed Breed,Mixed Breed,Kuala Lumpur
1035,2,,2,3.0,2.0,2,2,2,2,1,2,0,41401,bcbfef3dc16242a694cfa110b07b8746,0,Both are very active and adorable. Most likely to be male [I can't really tell] *Both must be adopted together*,1f0e01c1d,4.0,1,Black,Brown,White,Domestic Medium Hair,Domestic Medium Hair,Kuala Lumpur
1110,1,,0,3.0,2.0,2,2,2,2,1,7,0,41401,42d8ff353fbe3e1db8ae40b84974d576,0,"Tne pupies are belongs to Mr. Wong, who interested can call him, his contact No: or",59d95faef,1.0,4,Black,Brown,Yellow,Mixed Breed,Mixed Breed,Kuala Lumpur
434,2,Batman & Fearless,1,2.0,2.0,2,2,2,2,1,2,0,41326,ec698968540cf58a5234979f01e1d346,0,"Just rescue from restaurant, the owner of the restaurant say the next day will throw those kitty to factory area or abandoned forest. Both of kitty were female, the black one fur is medium hair. They're very quiet didn't make noise since i bring them home until settle their own place. They're not afraid people and know how to go old news paper to pee. Hp : Area : seri kembangan Taman equine",55b799287,8.0,4,Black,Yellow,White,Domestic Short Hair,Domestic Medium Hair,Selangor
162,2,Prince Caspian,3,1.0,,1,2,1,2,1,1,0,41326,32b2646aede579a2c5a2f8e1f0f6f395,0,Caspian is the angel little kitten that came into our lives. We call him Caspy... we adopted him from SPCA Ampang...,6b94af372,5.0,2,Brown,Gray,,Tabby,Siamese,Selangor
641,1,Rambo,2,1.0,2.0,1,2,1,2,1,1,0,41326,aa66486163b6cbc25ea62a34b11c9b91,0,Rambo is a cute puppy just under two months old. His name comes from his unique brindle coat and his cool character. Also has a black muzzle but not as distinct as his brothr Tiger due to his fur color. Active and loves to play with humans. Adopter must vaccinate and spay him. Please give him a good home. Check out his brother Tiger too.,0ecc1200a,4.0,2,Black,Brown,White,Black Mouth Cur,Mixed Breed,Selangor
944,1,Sofie,72,2.0,2.0,3,3,3,2,2,1,0,41401,27083c7f0a040994ca84395f4b17d80b,0,"Sofie was found at the ground floor of apartment block .according to security guard ,she was there from morning to night and nobody claim her back . Cleaner said she had been put in the garbage room. After took her back , realised she was pee with lil bleed. Brought her to vet the next day, doctor claimed that she has skin allergy. she need to apply eye drops daily since she has dry eyes. She lost 2 teeth ,not sure about her age. Doctor checked her paws (refer to photo) , maybe the result of long term in cage. Sofie is a friendly ad loving dog. Suspected been abandoned by owner. We see sadness in her eyes. She need a responsible owner which accept her age, her sickness , her imperfect , to let her stay with you for the rest of her life. We hope that new owner could bring her to spay.",a0c15424b,6.0,0,Cream,Gray,White,Shih Tzu,Shih Tzu,Kuala Lumpur
1271,2,Kecik,7,1.0,1.0,1,2,1,1,1,1,0,41336,1d01997f82481552b019f2a68ac51679,0,"very active, healthy found him in wet, sleep at the staircase",09b7cd500,1.0,3,Black,Brown,Golden,,,Johor
238,2,"WHITE, BLACK, TAPIR",1,3.0,1.0,2,2,1,2,1,3,150,41326,1d3441a8f19d8fc42969688b4d2be2f6,0,"3 CUTE LITTLE KITTENS FOR ADOPTION,THEY ARE 1 MONTH OLD, MIXED GENDER, HEALTHY AND PLAYFUL.",27f0a51cd,8.0,1,Black,Gray,White,Domestic Medium Hair,Persian,Selangor
1115,2,3 Cuties,1,3.0,2.0,1,2,1,2,1,3,0,41401,2878ca852f116ad07d0c8b75da381c4c,0,"these 3 kittens has been transfered to another place by a kind hearted person ( thinking it would be a safer place for them) but not realising that the mother cat dislike the kittens being touch. Now the mother cat refuse to care or feed the kittens. My friend and I have to bring home to feed them from a bottle. They are very smart kittens, they learn to eat from the plate now and almost passed toilet training....and they are just 1month old. They groom each other after meal...they are just so cute!",0c3f6001a,11.0,1,Black,Golden,Gray,Domestic Short Hair,Domestic Short Hair,Kuala Lumpur
229,2,Espresso,2,1.0,1.0,2,2,1,2,1,1,50,41326,cdf2cd8d67e53bf6e5088dcb2de317d6,0,"Kucing Bengal Marble for adoption, Kucing indoor, manja dengan manusia serta aktif bermain. Diet : Black Wood Kitten Adoption fee cover untuk makanan kucing lain. Lokasi Bukit Tinggi, Klang ""Kucing telah diadopt oleh En Ilham dari Shah Alam""",dfaf47c11,5.0,1,Black,Gray,White,Bengal,Domestic Medium Hair,Selangor
1318,1,Goldie 2015,3,2.0,3.0,1,2,2,2,1,1,0,41325,3550120cf55a324cad448403189d511b,5,"Goldie is a frisky female puppy who is always active and alert. She likes jogging and she can run 3km or more. She is lovely and can be grown to be a good guard dog and a lovely companion. She may bring you the adopter good luck. The last time I gave a puppy Fifa to my neighbour, their family and financial fortune have been changed radically after 6 months. They now own two luxury sedans instead of the old proton iswara they had owned before adopting the pet.",ef7c5813c,6.0,2,Black,Brown,Golden,Labrador Retriever,Mixed Breed,Kedah
804,1,KT(female) & TM (male),0,3.0,,1,3,3,3,1,2,0,41326,93b9bd02cfbd0944686ceee8798b9eec,0,"I found 2 puppies at Ktm station teluk pulai, klang parking lot.As there is many car moving in and out in that area,i worried they will get roll over by car. I don't want send them to SPCA because they will put them to sleep if no one adopting them and I can't adopt them because I already adopt 3 stray dog in front of my house. They are healthy and adorable! I'm now fostering them and i looking for dog lovers to adopt them. Anyone want to adopt Pls call me at (chew). Adopters must agree to fully vaccinated them and also spay them when they reach 6 months old.",392d3346e,4.0,1,Black,Brown,,Mixed Breed,Mixed Breed,Selangor
1335,2,"Gray, Ash And Burn",3,1.0,2.0,2,2,2,2,1,1,0,41332,c615548c8536989d6ff41c0428b59496,0,"i named by three kittens according to their hair colour. gray is the smallest in size but very quiet and obedient. ash is the naughtiest and burn is the closest to me and love to play with my fingers. they all love to dribble the pingpong ball. i love them very much, but i have to let them go coz the doctor has confirmed that i am suffering from asthma. i am willing to give them away for free, as long i can be assured that they are well taken care.",067d0ccd3,3.0,1,Black,Brown,Gray,Domestic Short Hair,Domestic Medium Hair,Negeri Sembilan
101,1,Shama,24,2.0,2.0,2,1,1,1,1,1,0,41326,d84c3c50e381c5beae953cab8a804e4e,1,"Serious adopters only. Shama is very beautiful and obedient. She is toilet trained, prefers a grassy lawn or daily walks. Please consider her as a new member to your pack (family). You may WhatsApp for more inquiries and current pictures.",ed74a9822,12.0,4,Brown,Golden,White,Mixed Breed,Mixed Breed,Selangor
973,1,,3,1.0,2.0,1,1,1,2,1,1,0,41401,a881ab82bad8a88e35c3e28ad66a2cbd,0,Litters of a crossed breed mama dog. Super duper adorable. Please call for appointment. Only sincere adopters.,923a7163c,3.0,2,Golden,Cream,White,Mixed Breed,Spitz,Kuala Lumpur
925,2,Noel,2,1.0,2.0,1,2,1,2,1,1,0,41401,13b3c0d8590208d6e60e7118bc3b98d1,0,"Noel was rescued by the roadside where he played with pebbles alone. He's a sweet baby that loves cuddles and playtime. Noel knows how use a litter box and is able to eat both wet or dry food. Adoption Procedure: - We'll have a chat and see if you and Noel are suitable for each other. - Successful adopter will then have to meet us at my vet in order to get the little tyke vaccinated. Then your new family member is yours to take home and love forever. - Cost of vaccinations and neutering to be borne by adopter. I am primarily an independent rescuer/fosterer. My funds are extremely limited. - I do appreciate occasional updates and photos after a successful adoption! Vaccinations and neutering/spaying at 6 months of age are compulsory for adoption. There are already too many stray homeless animals starving and suffering in the streets.. Please don't breed. When you want more pets, you can always ADOPT from a shelter. No cage confinement please, except in incidences of illness or injury. Imagine how bored, restless, and angry you'd be if you were locked up all the time. Interested parties can text or email me. A brief introduction of yourself and your experience with cats is greatly appreciated.",8f7265ddf,4.0,1,Black,Gray,White,Tabby,Bobtail,Kuala Lumpur
598,1,Puppiezzzzz,4,3.0,2.0,1,3,3,3,1,4,0,41326,861a4afe212acf4afa3418031fb2d6bc,0,+â€‘â€¬ - Jaya This is the owner of the puppies. U can contact directly. Just ask him by showing the puppies pic.,5c1f1a317,4.0,4,Black,Brown,White,Mixed Breed,Mixed Breed,Selangor
342,2,For Adoption,3,2.0,2.0,2,1,1,2,1,3,0,41326,4b07e807c87f0466fa38eb20e03fd384,0,"Do come back to get vaccination (3 months) and neutering (5 months old)Mother has been neutered please drop by to view : - Klinik Veterinar Mayo 11A, Jalan USJ 10/1F, USJ Taipan, Subang Jaya contact : miss rani contact no :",c5756030f,5.0,4,Black,Cream,White,,,Selangor
873,2,5 Cutie Kitty,4,3.0,2.0,2,2,2,2,1,5,0,41401,f98fe65b3bb68db1970f3f85135e3f26,0,"I have 5 cute kittens available for adoption. They were furkids of my own pet Garfield and Miao Miao. They have managed to bring us 10 more kittens into our household. We were too late to neutered Miao Miao and found she is pregnant again. 12 cats in the house are just too much for us to handle. We love the kittens very much, but we have to find future good owner for them for their better future, as we can't provide them enough attention to each of them. This batch of kittens is mixed bengal. as their father is mixed bengal and their mother is DSH calico. All kittens are healthy, active , and fun loving. Their will definitely cheer you up, when u see them playing around. All kittens are litter-trained, and feed on ""orijen"" kibble. Adoption fees is FOC, but we would ask few question to access if you are the suitable adopter for the kittens. You can adopt 1 or as pair of kittens. Serious adopter please contact me by email: /(sylvia) or samantha",c7eac7b01,5.0,2,Black,Golden,White,Domestic Medium Hair,Bengal,Kuala Lumpur
1221,2,"Snowy,Taiko,Tabby & Nicky",12,3.0,2.0,2,1,1,1,1,4,0,41336,7134a49a92ab44fece6c44c6917ea354,0,These cats are taken care by me since they are born. I'm looking for someone who can take care of them coz i'm moving back to Singapore. Anyone who interested to adopt can enquiry.,6dcb51c02,5.0,2,Black,Brown,Cream,Siamese,Domestic Medium Hair,Johor
1117,2,"Faith, Hope, Rebel",2,3.0,1.0,1,2,2,2,1,3,0,41401,0e88c99457b4cc546bd35c65ea78f322,0,"They are siblings and very attached to each other. Three of them are very well behaved, loving, playful and easy to manage. ADOPTERS for the cats is urgently needed. Please contact Aziza/ Mubeena for further inquiries.",107c49414,5.0,4,Black,Cream,Gray,Domestic Short Hair,Domestic Short Hair,Kuala Lumpur
426,2,Rescued Cats And Kitten,24,2.0,2.0,3,3,3,3,1,6,0,41326,23d84bdb15b4b58a9664f51351ed47bb,0,2 mom cats 4 kittens,25ebacf03,4.0,4,Black,Yellow,White,Domestic Medium Hair,Domestic Long Hair,Selangor
883,2,Mickey,120,2.0,1.0,1,1,1,1,1,1,0,41401,36bd779cd51ca8bb457f6fadd55f0d04,0,"Mickey is a beautiful,loving & sensitive cat. Personality like siamese. She is our first cat and 10 years old now.She is able to go for walks with me. She prefers a relaxed environment . No kids.(Due to age she's more docile). Good for chill people.She has a cute pom kinky tail. very clean. Its very sad for us to give her away but due to our finances and time, we no longer have the ability to keep her. We hope that whoever adopts her will also get the love and joy she gave us.",94d65e361,4.0,4,Brown,Gray,White,Siamese,Oriental Short Hair,Kuala Lumpur
1216,2,Tabby Siblings (PLS READ Below),2,3.0,1.0,1,2,2,2,1,2,0,41327,307ab9ff7ea767d1ceed1a5ebb3bb67f,1,"Note : Contact me ONLY if you know you are able to provide the love, attention, commitment and a comfortable environment for the kids or you just wanna inquire first also can. - You may adopt either one but adopting both would be preferable as they grew up together. - Please note that they may be charged. - Please ask permission from the people around you. This is a long time commitment just like raising a child. Also, please introduce yourself, occupation, location, why you want to adopt, any current/previous pets and other information. Conditions** - Vaccination is required to prevent any disease or infection. (I may ask for a deposit and will return once you have vaccinated the kitten(s).) I may or may not. - Please spay/neuter at the right age. - Prefer working adults to support the expenses and needs. NO students and NO international. (unless you can convince me) - Please avoid letting them outdoors unless it is inside your housing compound. - PLEASE update the progress as frequent as you can. I will stop asking about the progress of the kitten once I feel both of you have adapted together. You will be given two weeks time to see if they suit your personality. If they don't then please feel free to return to me. Any expenses during these weeks will not be refunded. - Adopter will need to pick up on the agreed date. (negotiable) ""Please remember that animals are living souls. They need consistent care, attention and boundless love. They will grow up, make messes and trouble, you will need to be willing to spend some money on their food and medical just like they are your children. They will love you if you love them equally. If you are serious about adopting a family member and you are willing to spend time, money and effort to take care of the kitten then by all means contact me."" ............................................................................................................... About the kittens. Currently fostering these two lovelies. Grew up with their momma's milk. Socialised with humans but are a little timid in the beginning, I mean who wouldn't be scared of giants being this tiny right? - Female : black tone, 'manja', replies when you talk, a lil timid at the beginning but gets playful later on, has a unique rough voice. - Male : lighter, more manja, soft meow, loves neck and back rubs. - Both are very healthy and clean. Both grew up together so they are very attached together. Most of the times they are very quiet either sleeping together or exploring together but when they see me, they will start calling and approach careful at first. - Both are around 1.5 months to 2 months old (Jun ) Video and images are attached. I am in Bandar Utama. I prefer whatsapp but calls and messages are fine. :)",9fab4e65f,8.0,2,Brown,Golden,Gray,Domestic Short Hair,Tabby,Pulau Pinang
961,2,Monty And Kiara,1,3.0,2.0,1,1,1,2,1,2,0,41401,ded89dbee0e5796ff3377e6e6ee4a51c,0,"Monty (m, black and white) and Kiara (f, cream with grey tips) are gorgeous, healthy kittens. They were found abandoned at 2 weeks old, and have settled very easily into a domestic setting. They are well-behaved and both have lovely, gentle personalities. They are comfortable around small children. NB: They are currently too young to be spayed/neutered, but will be as soon as they are old enough.",810ff9d37,1.0,2,Black,Cream,White,,,Kuala Lumpur
424,2,,3,3.0,2.0,1,2,2,2,1,7,0,41326,a2a9bd6ef12ac287a939ed5564c51046,0,"4 of them have extra toes (as their mother's). They are very playful. Afraid of stranger but it is easy for them to be close with people. They are very manja, like to cuddle and they sleep with you at night. Potty trained. If possible, please adopt them in pairs. I live in one of the residential college in UKM Bangi. I feed the mother and her mate (strays) on daily basis. The mother was still pregnant back then and she decided to stay in my room to deliver her baby. My friends and I have foster the baby since then. Now they are all grown up and they need bigger space to play. (they mostly live in my room and inside the building). Wild dogs and monkeys live around here and it is very dangerous for them if i let the family straying again. Please help me. You can contact me using any method that you preferred.",a85457e16,3.0,2,Black,Yellow,White,Extra-Toes Cat (Hemingway Polydactyl),Domestic Short Hair,Selangor
1143,2,Truffles,12,1.0,2.0,1,1,1,1,1,1,0,41401,13b3c0d8590208d6e60e7118bc3b98d1,0,"He's a beautiful, feisty, energetic teenager who wandered into my yard and tried to start a fight with my dog! he's a tabby but he's a very unique one.. instead of stripes, he's got beautiful spots!! like a mini jungle cat. for adoption to the RIGHT home. enjoys the company of other cats. playful and responsive to people. diet: acana adult cat toilet trained: yes, but i would recommend a large ""cat-it"" hooded cat litter tray with door flap, available at most pet stores. he buries with a lot of enthusiasm, its hilarious! please note that i will ask for reimbursement of veterinary fees from the new adopter. this will be for compulsory vaccination and deworming. he has already been neutered.",d3c880313,6.0,2,Black,Brown,,,Bengal,Kuala Lumpur
242,1,Smokey,36,2.0,,3,1,1,1,1,1,0,41326,db784cbcf321e1d8856b312638b94113,0,"this beautiful dog here is Smokey. she is a terrier mixed. spayed, vaccinated and dewormed. mum and i rescued her under a car while she was on heat and being surrounded by other male dogs. she is now finding a home because the current owner cannot take care of her anymore due to work. will you adopt her? Lester",10711bb95,2.0,0,Black,Gray,,Terrier,Mixed Breed,Selangor
63,1,7 Lucky Cute Puppies,0,3.0,1.0,2,2,2,3,1,7,0,41326,793a857b0f2db4c0ed8fd9e38cc7cb5f,0,Rescued puppies. currently mother and kids at boarding for special care since its O month old baby.. puppies are very active and in good health condition as it is given special care. 3 weeks old now. free adoption Transport provided for klang area. Interested to give home for these kids? please call(vithiya) or(jack),8e68a9075,8.0,3,Black,Brown,Cream,Mixed Breed,Mixed Breed,Selangor
174,2,Woolsy,1,1.0,2.0,1,2,1,2,1,1,0,41326,e62135526c27156b8479420aad166317,0,"Introducing handsome little Woolsy! ----------------------------------------------------- â™¥ Male kitten, 5 weeks old. â™¥ Very attached to people, a real cuddle-bug (manja) and curious about new things/toys/etc. â™¥ Currently on Feline Caviar kibbles and clever with the litter-box. â™¥ Dewormed (once) and given flea prevention. Woolsy is still too young to be vaccinated. ----------------------------------------------------- ***PLEASE READ*** (NOTE FOR ADOPTERS): â™¥ Woolsy must be kept INDOORS at all times. â™¥ Adopters MUST neuter him at the right age. â™¥ Premium food feeding only (no Whiskas, Friskies etc). ----------------------------------------------------- Please drop me an email or call if you feel that you may be just the right person for this boy. Thank you! :)",8170c6b01,3.0,2,Black,Gray,White,Tabby,Domestic Short Hair,Selangor
23,2,Siti,12,2.0,1.0,2,1,1,2,1,1,0,41326,bd7c5b134046f7ee62af1262d4f409f9,0,Hai there! Siti is a good inhouse cats. Adorable friendly with all cats. Toilet train and lovely to the owner. If anyone interested to adopt Siti please call or whatsapp my number. Thank you.,c56dc5726,1.0,1,Brown,Yellow,Cream,Tortoiseshell,Tortoiseshell,Selangor
604,1,5 Lilttle Cute Puppies,1,3.0,1.0,2,2,2,2,1,5,0,41326,0e066bcb3f32a689645907166c74b302,0,The puppies are in good condition. A mom gave birth in front of my house. Currently we are taking care of them. We hope those puppies can be adopted as soon as possible because there will have dog catcher come anytime.,fc02869d9,5.0,4,Black,Brown,White,Mixed Breed,Mixed Breed,Selangor
377,1,PennPenn ( For Indoor ),4,2.0,3.0,2,1,1,2,1,1,0,41326,3b074cadd2350de62dca7056b9bab6f4,1,"FOR serious adopters only! If you are interested in adopting, kindly contact ==> Call/ SMS / Whatapps to Requirements for Adoption: ========================= All adoptions are subject to an interview and house check. Cost of vaccinations and neutering to be borne by adopter. Vaccinations and neutering/spaying at 6 months of age are COMPULSORY.",743b67b44,21.0,3,Golden,Cream,White,Golden Retriever,Terrier,Selangor
14,1,Cody & Yumi,2,2.0,2.0,2,2,2,2,1,2,0,41326,aa66486163b6cbc25ea62a34b11c9b91,0,"Cody looks like a teddy bear, has golden fur with a cream colored chest. Sister Yumi is black and tan.",d7a772967,9.0,3,Black,Golden,Cream,Terrier,Mixed Breed,Selangor
486,2,5 Kitten,3,3.0,1.0,1,2,2,2,1,5,0,41326,9e9f7304cd2022597fe58071d9b35375,0,"hi, please call or sms if you interested. Thank you",f022849c2,2.0,2,Black,Brown,White,Domestic Short Hair,Domestic Short Hair,Selangor
1036,2,Mao Mao Ã¦Â¯Â›Ã¦Â¯Â›,1,3.0,2.0,2,2,2,2,1,2,0,41401,d875085cf780b229007fb6af11ac3836,0,"It was found in a abandoned factory, actually there's 5 / 6 kitten, but 2 are dead cause by month cat doesn't know taking care of them, can only save 1 due to can't afford.. At the moment kitten settle down in pet shop, if fail to find adopter will release back to street after a month. åœ¨ä¸€ä¸ªåºŸäº†çš„å·¥åŽ‚åŒºæ¡åˆ°çš„ï¼Œå®Œå…¨æ²¡æœ‰é®æŽ©ç‰©ï¼Œå…¶å®žæœ‰äº”å…­åªå°çŒ«ï¼Œå…¶ä¸­ä¸¤åªå·²ç»å‡å¤©äº†ã€‚æˆ‘çš„èƒ½åŠ›èŒƒå›´åªèƒ½æ•‘ä¸€åªã€‚çŒ«å¦ˆå’ªä¸ä¼šç…§é¡¾å°çŒ«ï¼Œå±è‚¡ç²˜ç€å¤§ä¾¿éƒ½æ²¡è¢«èˆ”æŽ‰ã€‚çŽ°åœ¨å°çŒ«åœ¨å® ç‰©åº—ï¼Œå¦‚æžœä¸èƒ½æˆåŠŸè¢«é¢†å…»ï¼Œå°†ä¼šè¢«é€¼æ”¾å›žè¡—ä¸Šã€‚ From : Jess",75f7beaf2,5.0,1,Black,Brown,White,Domestic Medium Hair,Domestic Medium Hair,Kuala Lumpur
846,1,,4,1.0,1.0,1,1,1,2,1,3,0,41401,8a555d2810aeaea6432d87335116b3f7,2,"I found this puppy and another 2 puppies gathered around Jln Selesa 1, Tmn Gembira KL. They were found deserted by someone for the whole week. I took care of them and had them had their 1st vaccination done. Looking for pet lovers who can adopt them (or either 1)",022b37ea0,7.0,1,Black,Brown,Cream,Mixed Breed,Mixed Breed,Kuala Lumpur
507,2,Lily & Houdini,4,2.0,2.0,2,1,1,1,1,2,100,41326,3aa57c766988260ae2a48502f1efec9c,0,"Hye Cat Lovers, -> I have 2 Very Cute Female Kitten Mix Domestic Short hair/Tabby -> Litter trained/playful type Price :: RM for both ! These 2 are trained to be a home cat. Give these 2 a great home today :) Text me LILY at",63c93929a,2.0,4,Black,Brown,White,Domestic Short Hair,Tabby,Selangor
758,2,Spot,2,1.0,2.0,1,2,2,2,1,1,0,41326,11810e97433d86b551db0f86ec695304,0,He is cute and fun to be with.,0011d7c25,3.0,2,Black,Yellow,Gray,Abyssinian,Abyssinian,Selangor
584,1,Jake Boy,2,1.0,2.0,2,1,1,2,1,1,0,41326,fa90fa5b1ee11c86938398b60abc32cb,0,Lovely puppy looking for a forever home. Interested to adopt pls contact Rachel,1d4adbcc2,1.0,3,Black,Brown,White,Mixed Breed,Mixed Breed,Selangor
1162,1,"Sweeti, Kimberly, Julian, Gordon, Ramsey",11,3.0,2.0,1,3,3,3,1,5,0,41327,cccb18b8f8b81862f9a1ebc65d651d22,0,"These puppies were rescued and are now in a run down shelter, one has been bitten already but recovering well. They really need a home, they are so cute. Update They are about 4 months old now,",db044e38b,7.0,4,Black,Brown,Cream,Mixed Breed,Labrador Retriever,Pulau Pinang
247,1,Fenny,5,2.0,2.0,2,1,1,2,1,1,0,41326,a042471e0f43f2cf707104a1a138a7df,0,"Fenny was rescued from Old Klang Rd market when she was only 2 months old and I have fostered her since then. She is 5 mths old now and I hope she can get a good home. She looks like a mixed breed of local mongrel and Dalmation. She is a very quiet girl and does not make too much noise, that makes her a very good companion for children or elderly couple. Please call Mrs Lai of Paws Mission for more adoption details.",0a0e8c15b,2.0,4,Black,Gray,White,Mixed Breed,Dalmatian,Selangor
307,1,Lovely Puppies,2,3.0,2.0,2,2,2,2,1,4,0,41326,25184a55b5ab6203e15df42feae46a11,0,The puppies are about 2 months old. they are currently staying at the fosterer house. All the puppies are healthy and playful.. Please contact Ms Saw at or Ms Yvonne at,9cda44cdf,8.0,2,Brown,Cream,White,Mixed Breed,Labrador Retriever,Selangor
42,2,Kyle,3,1.0,2.0,1,2,2,2,1,1,0,41326,498a3034cb70c571be25f76c8b679f0c,0,"A very friendly, playful and ""petit"" kitten. Kyle is one male from a litter of 6. We are running out of space so all 6 have to be adopted and loved by you. The breed is Bengal (25%) + American Short Hair (25%) + DSH (50%) Colour is orange + Golden + light brown (lines) Best characteristics: He is so playful and would not mind being held and pet. He is the smallest in his litter, but also the most active. He has long and slightly crooked tail at the end. which makes it look like ""mata kail"" or ""fish hook"". Hence the name Kyle (Kail). :) Feeds on ProDiet kitten dry food + occasional ProDiet wet food + Goat's milk. Please check out my other kittens of the same litter.(Amy, sofi, Sherhan, Mika, Bino, Kyle) All have been kept indoors (free roaming) and have never been in contact with grass or other cats. SMS/Whatsapp ONLY.",30e900b4a,3.0,1,Golden,Yellow,Cream,Bengal,American Shorthair,Selangor
615,1,Colby & Kaylee,1,3.0,2.0,2,2,1,2,1,2,0,41326,a042471e0f43f2cf707104a1a138a7df,0,"They love singing! They sing when they just wake uo, they sing when they are hungry, they sing when they sleep. They even chase my male puppy around asking for milkmilk from him. ************************************************** Colby and Kaylee are brother and sister. They are about 4 weeks old. The mama dog suffered from vagina prolapse when she delivered her litter. The mama dog is not good at nursing them at all. However, these two little fella are very healthy! The dog owner intended to send these 2 pups to SPCA as she is away for holidays. I rescued them and took them back & take care of them for a wek secretly. Thank god they are not making too much noise except stinking up my bathroom! Now they are up for adoption.",8df053c7e,13.0,2,Black,Brown,White,Spitz,Mixed Breed,Selangor
99,1,4 Healthy Playful Puppies Available,2,3.0,2.0,1,1,1,2,1,4,0,41326,365995a93f20d06330ee1647322175fa,0,"Our rescued dog gave birth to six beautiful puppies in late October (), and though she refused to care for them, we fell in love with them immediately. They've all been very well cared for - we give them all the proper nutrition, exercise and plenty of attention. They come from good stock - dad is a lab/mix, and mother is a mongrel (rescued when she was a few weeks old). The mother is a very good guard dog, so we're hoping her pups will have inherited her instincts. We've given two puppies away, and so four remain. We can't keep them all, so we're looking for easy-going and kind homes for these little bundles of joy. We've got three males and a female - all very well behaved (well, about as well behaved as puppies can be!). One is off-white, the three others are varying shades of golden brown (see pics). Please let us know if you or anyone you know may be interested.",467aed7e3,5.0,2,Brown,Golden,White,Mixed Breed,Labrador Retriever,Selangor
12,2,Abby Abigail,3,2.0,,2,1,1,2,1,1,0,41326,1565d406c559212ca01bba319c615c1f,0,"5/3/13 - Vet visit - checked ears/skin , all clear. Dewormed. 13/3/13 - vaccinated (1st shot) ------------------------------------------- Abbey she proves to be one of those cats with entertaining personality; playful and with many funny antics. She is a cat who likes to be around her owner. She loves to observe what humans do and when you are lying down or watching tv, she'll come close to you and snuggle up to you. Day time after she has eaten to her heart's content she will find her spot and catnap away. After a month with us, she has grown quite bigger! Fully house trained. (update: 30/3/13). Anyone wishing to adopt Abbycat may text or email me for viewing arrangement. I am looking for a responsible pet owner who without doubt will comply to the following requirements. - vaccinations (and yearly follow-ups) - neutering by 5-6 months - lots of TLC!!! Info:",4c1adfa96,5.0,2,Black,Golden,,Tortoiseshell,Domestic Short Hair,Selangor
157,2,Mimi & Momo,2,2.0,1.0,1,1,2,2,1,2,0,41326,92a3304a61bb0468b9a5656775316f17,0,"2 month 0ld kitten. they Love to snuggle between the sheets & like to smell feet. Very active & playful. They love to run around the house, so they need some space. love to snuggle with each other. Litter trained. Pls don't confine them into cages unless if it's their sleeping time. Their daily diet is blackwood & royal canine kibbles. Let go both of them without separated. They are available to be pick on 9th september onwards..",4bdc6f196,5.0,3,Brown,Gray,White,Domestic Short Hair,Domestic Short Hair,Selangor
335,1,Smite,2,1.0,1.0,2,2,2,2,2,1,0,41326,aeb78e196b74d77222860a9b466255ce,0,"Smite was saved from the pound. He was about to be euthanized three weeks ago. He was diagnosed with distemper. A common disease due to the condition in the pound. Doctors told that puppies only has a 20% survival rate. However, Smite is a lucky boy, he pulled through. He is active, happy and ever cheerful now. Do give this wonderful boy a second chance in life. There would be certain terms and conditions imposed to the potential adopter.",f70a1bf5d,3.0,1,Brown,Cream,White,Mixed Breed,Yorkshire Terrier Yorkie,Selangor
1166,1,"Ariel, Lexi,(adptd) Fiona, Lisa & Stella",24,2.0,2.0,1,1,1,1,1,5,0,41327,cccb18b8f8b81862f9a1ebc65d651d22,0,Adult dogs are great and easier mostly. All female and Spayed well done to our SOS feeders and team. Some fully or partly vaccinated. Lexi first vacination done She is 1 years old small to medium size 2nd vacination this week Lisa one year Plus fully vaccinated And spayed She's active Ariel 1 + years fully vaccinated and spade Fiona 1 + years paid and fully vaccinated Spayed Stella - 1 yrs - female spayed n fully vacinated If you want to adopt a beautiful adult dog pick one of these they're all lovely and Sweethearts and completely homeless please give them a chance.,6c06b0725,1.0,4,Black,Brown,Cream,Dalmatian,Mixed Breed,Pulau Pinang
382,2,Ã¢Â™Â¥ Catelyn Ã¢Â™Â¥,1,2.0,2.0,2,2,1,2,1,1,40,41326,e62135526c27156b8479420aad166317,0,"Introducing beautiful little Catelyn! â™¥ Female kitten, 6 weeks old. Medium-long orange / white coat with pretty green eyes. â™¥ Catelyn has been through a lot as a kitten (refer to last two pictures below). She's bloomed tremendously post rescue and is now ready for a new family. â™¥ This girl is a little diva! She acts classy 24/7 (constantly grooming herself and observing her surroundings). â™¥ Catelyn loves people and will willingly approach any other friendly cat. She's got a feisty side and play-bites but not rough, loves loves loves toys too! â™¥ Healthy, has been de-wormed (once), is still too young to be vaccinated. Already clever with the litter-box and able to eat kibbles independently. ***[IMPORTANT] Note for potential adopters*** â—‹ Catelyn must be kept % indoors for her own safety. Apartments should be cat-safe. â—‹ Spaying is compulsory (when she's older). â—‹ Premium food feeding only (no Whiskas, Friskies etc). Please inquire - this is for her long term welfare. Please drop me an email or call if you feel that you may be just the right person for this girl. Thank you!",9e9959db4,7.0,3,Golden,Cream,White,Domestic Medium Hair,Abyssinian,Selangor
1340,2,Tom,12,2.0,,2,3,3,3,1,1,0,41324,7d6435989d7f2adf802e3ee53709b12c,0,so indulgent,feec7a438,1.0,4,Black,Brown,,Domestic Medium Hair,Domestic Medium Hair,Melaka
1354,2,Mimi ;D,3,2.0,2.0,3,2,2,2,1,1,0,41342,29930547d35fcfcbd25a633358b8aded,0,Friendly cat!!,356f1ecfb,3.0,0,Black,Gray,White,,,Sarawak
87,1,Coco,48,1.0,,1,1,1,2,1,1,0,41326,2488c92304e1dfe9d9dc0f5f144e5774,0,Friendly guy... Doesn't bark but very energetic.,ab0609017,3.0,4,Black,Brown,,Pug,Shih Tzu,Selangor
626,1,Mascara,3,2.0,2.0,1,1,1,2,1,1,0,41326,920d8cc91447e6c6b7c817b399b760ce,0,"Mascara is her name... because she looks like put on loads of it then cried over a broken heart till it smeared up around her eyes. But a broken heart she has not! She is the bubbliest, loving-est, most heart-melting puppy I have ever met. I found her 2 weeks ago with a maggot wound, a fever and swollen lymph nodes. After antibiotics she is up and jolly, ready for a loving new home. She will make you laugh with her antics and her adorable expression when she wants your forgiveness after doing something naughty. Her daddy is an abandoned jack russell terrier mixed so that explains her beautiful, unique markings. She needs a family that is willing to play with her to keep her happy, love her as unconditionally as she will love them and most of all, protect her from all sorts of harm. SO, LOOKING FOR A FURBABY THAT WILL MAKE YOU SMILE? Mascara may just be the one to brighten up your day.",2f0abd493,6.0,3,Black,Brown,White,,,Selangor
1273,1,Tiger Boy,2,1.0,1.0,1,1,1,2,1,1,0,41330,1650b649258959aec1c6cbffb6d1c496,0,Got some tiger stripes. Interested pls call.,c58018973,2.0,3,Brown,Yellow,Cream,Mixed Breed,Mixed Breed,Perak
1198,2,Jerry And Tom,2,1.0,2.0,2,3,1,2,1,2,0,41327,4b26b42a2bf073d1fde04a27f207558a,0,These little ones are playful and healthy. Both loves each others company.,a01ad9084,1.0,2,Black,Brown,White,Domestic Medium Hair,Domestic Long Hair,Pulau Pinang
228,2,Yoyo,12,2.0,2.0,2,1,1,1,1,1,0,41326,1d3441a8f19d8fc42969688b4d2be2f6,0,"Yoyo was 1kg when i first found her, six months old then. Skinny, sick and unhappy. Now, she is almost 1 year old, vaccinated and Dewormed. Playful, but always get sick because of her staying environment now. She stays in animal clinic, whereby lots of virus. Yoyo loves bathing, loves to be carry, loves to play hide and seek. Possible adopter must have experience on how to take care of a INDOOR cat. Owners without any other cats will get consider first. Terms and conditions apply.",f22ff0f64,9.0,3,Black,Gray,White,Siamese,Domestic Medium Hair,Selangor
1287,2,Kucing Ipoh Diberi Percuma,2,3.0,2.0,2,2,1,2,1,3,0,41330,2b48d61d7f82050f01a58a1db5bea10c,0,"- 3 ekor anak kucing untuk diberi secara percuma area Ipoh,Perak. - Super manja. - Kitten 1 je Jantan, Kitten 2 & 3 Betina. - Umur dalam lingkungan 2 bulan. - Kuat makan. - Diet Equilibrio Kitten & Wet Food Whiskas. - Sudah defleas & deworm. - Datang tengok dulu pon boleh. - Sesiapa berminat boleh hubungi Hafiz atau Shafiq",3c3615b2d,11.0,1,Black,Brown,White,Domestic Short Hair,Siamese,Perak
